,count,mean,std,min,25%,50%,75%,max
1-hop neighbors,14951.0,52.8130559828774,146.9125898722595,1.0,14.0,34.0,58.0,7574.0
1-hop Types,14808.0,9.225958941112912,7.144089766944804,1.0,4.0,7.0,12.0,108.0
2-hop neighbors,14951.0,5558.456223663969,3445.9670013686477,1.0,1888.0,6409.0,8588.0,13369.0
2-hop types,14818.0,157.46976650020247,99.1488263785687,1.0,74.0,152.0,230.0,1934.0
