,count,mean,std,min,25%,50%,75%,max
1-hop neighbors,42335.0,11.586158025274596,71.7663403243334,1.0,3.0,7.0,13.0,13924.0
1-hop Types,41723.0,9.00829278815042,8.081907068634797,1.0,3.0,5.0,14.0,83.0
2-hop neighbors,42335.0,4924.274123066021,6438.867700970818,1.0,91.0,411.0,13985.0,16967.0
2-hop types,35747.0,21.004308053822697,25.868051392057463,1.0,8.0,15.0,29.0,699.0
